watchlist_id,customer_id,customer_name,date_of_birth,country,nationality,list_type,risk_level,source
WATCH_2854,CUST_2854,John Harrison,1961-01-10,France,UK,SANCTIONS,HIGH,Internal Bank List
WATCH_8438,CUST_8438,Erika Henry,1946-02-12,UK,Australia,BLACKLIST,HIGH,Internal Bank List
WATCH_9163,CUST_9163,Jennifer Fry MD,1953-01-12,UK,Singapore,BLACKLIST,HIGH,Internal Bank List
WATCH_3559,CUST_3559,Dennis Rodriguez,1983-08-14,Singapore,UK,FRAUD_ALERT,HIGH,FATF
WATCH_6216,CUST_6216,Samantha Melton,1985-07-04,Canada,Australia,PEP,HIGH,Internal Bank List
WATCH_2205,CUST_2205,James Jackson,1946-10-19,Brazil,UAE,FRAUD_ALERT,HIGH,OFAC
WATCH_6882,CUST_6882,Cindy Aguirre,1995-08-10,UK,Germany,SANCTIONS,HIGH,FATF
WATCH_501,CUST_501,Donald Chung,1997-02-18,Singapore,USA,FRAUD_ALERT,HIGH,OFAC
WATCH_2252,CUST_2252,William Kelley,1972-01-17,USA,Brazil,SANCTIONS,HIGH,Internal Bank List
WATCH_8231,CUST_8231,Alexandra Smith,1995-01-17,UAE,UAE,SANCTIONS,HIGH,FATF
WATCH_3703,CUST_3703,Kylie Thomas,2002-01-02,USA,UAE,SANCTIONS,HIGH,OFAC
WATCH_151,CUST_151,Michael Stark,1965-11-11,USA,Canada,PEP,HIGH,FATF
WATCH_5380,CUST_5380,Christina Sims,1980-11-14,UK,Brazil,PEP,HIGH,OFAC
WATCH_3052,CUST_3052,Anthony Mcguire,1999-05-25,Singapore,Australia,FRAUD_ALERT,HIGH,OFAC
WATCH_743,CUST_743,Robert Patel,1953-06-17,India,Germany,BLACKLIST,HIGH,OFAC
WATCH_5621,CUST_5621,Jose Nielsen,2001-08-20,India,Brazil,SANCTIONS,HIGH,FATF
WATCH_771,CUST_771,Andrew Oconnor,1961-06-07,Germany,Singapore,PEP,HIGH,FATF
WATCH_4671,CUST_4671,Stephen Anderson,1992-03-13,UAE,Germany,FRAUD_ALERT,HIGH,Internal Bank List
WATCH_9210,CUST_9210,Dr. Gina Martinez,1958-04-23,Canada,Germany,PEP,HIGH,OFAC
WATCH_5391,CUST_5391,Nicholas Mathis,1993-11-30,Australia,France,FRAUD_ALERT,HIGH,OFAC
WATCH_1214,CUST_1214,Andrew Ellis,1953-04-15,Brazil,Singapore,PEP,HIGH,OFAC
WATCH_4611,CUST_4611,Rachel Wilson,2004-02-19,UAE,UAE,BLACKLIST,HIGH,Internal Bank List
WATCH_2407,CUST_2407,Patrick Chung,2006-03-14,France,USA,PEP,HIGH,FATF
WATCH_2276,CUST_2276,Patricia Schmidt,1983-03-01,Brazil,Germany,BLACKLIST,HIGH,OFAC
WATCH_6626,CUST_6626,Amanda Mitchell,1958-01-31,UK,Germany,BLACKLIST,HIGH,FATF
WATCH_923,CUST_923,Jennifer Brooks,1970-08-30,USA,Germany,BLACKLIST,HIGH,Internal Bank List
WATCH_9370,CUST_9370,Justin Hall,1965-04-28,Canada,UAE,PEP,HIGH,Internal Bank List
WATCH_1153,CUST_1153,Brittany Adams,2006-05-12,UK,Germany,BLACKLIST,HIGH,OFAC
WATCH_3841,CUST_3841,Luis Brown,1967-12-24,UK,India,PEP,HIGH,OFAC
WATCH_4447,CUST_4447,Jessica Walton,1982-01-21,Germany,Germany,SANCTIONS,HIGH,Internal Bank List
WATCH_4938,CUST_4938,Michael Schwartz,1948-11-19,Brazil,Brazil,BLACKLIST,HIGH,FATF
WATCH_4574,CUST_4574,Ann Rubio,1983-11-15,Canada,UAE,FRAUD_ALERT,HIGH,OFAC
WATCH_1723,CUST_1723,Janet Roberts DDS,1960-12-07,USA,Canada,BLACKLIST,HIGH,Internal Bank List
WATCH_2465,CUST_2465,Caitlin Lopez,1958-01-14,Brazil,Australia,BLACKLIST,HIGH,Internal Bank List
WATCH_677,CUST_677,Antonio Jackson,1956-01-14,USA,Singapore,PEP,HIGH,Internal Bank List
WATCH_3816,CUST_3816,David Salazar,1972-12-14,UK,Singapore,PEP,HIGH,OFAC
WATCH_4781,CUST_4781,Michael Johnson,1952-10-30,UAE,Australia,FRAUD_ALERT,HIGH,OFAC
WATCH_4180,CUST_4180,Ashley Cruz,1996-09-08,UAE,USA,PEP,HIGH,Internal Bank List
WATCH_4921,CUST_4921,Brian Keller,2008-01-02,USA,France,SANCTIONS,HIGH,OFAC
WATCH_1729,CUST_1729,Shelly Thompson,1982-12-08,USA,UK,SANCTIONS,HIGH,OFAC
WATCH_9200,CUST_9200,Abigail Gray,1977-05-27,India,USA,BLACKLIST,HIGH,FATF
WATCH_6405,CUST_6405,Benjamin Miller,1981-04-21,Australia,Germany,FRAUD_ALERT,HIGH,OFAC
WATCH_2006,CUST_2006,Heather Ferguson,2008-07-19,UAE,UK,BLACKLIST,HIGH,FATF
WATCH_3034,CUST_3034,Jay Diaz,1998-11-02,France,Germany,FRAUD_ALERT,HIGH,OFAC
WATCH_2483,CUST_2483,Kyle Gillespie,1959-05-11,USA,Singapore,PEP,HIGH,Internal Bank List
WATCH_46,CUST_46,Todd Nunez,1999-12-31,USA,India,SANCTIONS,HIGH,FATF
WATCH_456,CUST_456,Rebecca Kim,1958-02-11,Brazil,Brazil,BLACKLIST,HIGH,OFAC
WATCH_2258,CUST_2258,Chad Richardson,1977-03-28,Brazil,India,SANCTIONS,HIGH,OFAC
WATCH_7167,CUST_7167,Chase Anderson,2004-07-11,Germany,USA,BLACKLIST,HIGH,FATF
WATCH_7851,CUST_7851,Timothy Boyle,1963-05-15,Germany,Australia,FRAUD_ALERT,HIGH,FATF
WATCH_3618,CUST_3618,Raymond Colon,1956-06-29,Singapore,France,FRAUD_ALERT,HIGH,FATF
WATCH_3693,CUST_3693,Jason Velasquez,2001-05-25,Singapore,France,PEP,HIGH,Internal Bank List
WATCH_3031,CUST_3031,Julia Hancock,1968-11-17,Singapore,India,SANCTIONS,HIGH,Internal Bank List
WATCH_7882,CUST_7882,Daniel Lozano,1998-06-09,France,Canada,FRAUD_ALERT,HIGH,FATF
WATCH_876,CUST_876,Morgan Ortiz,1950-05-21,France,France,PEP,HIGH,Internal Bank List
WATCH_6072,CUST_6072,Marcus Lawson,1975-12-05,USA,USA,BLACKLIST,HIGH,OFAC
WATCH_3991,CUST_3991,Sarah King,1974-07-09,Australia,India,FRAUD_ALERT,HIGH,FATF
WATCH_3381,CUST_3381,John Pierce,1990-08-22,UK,India,PEP,HIGH,FATF
WATCH_7972,CUST_7972,Brandon Harding,1990-12-19,France,UK,BLACKLIST,HIGH,Internal Bank List
WATCH_1796,CUST_1796,Timothy Campbell,1999-01-12,USA,USA,SANCTIONS,HIGH,FATF
WATCH_3716,CUST_3716,Keith Wood,1947-10-09,Australia,USA,SANCTIONS,HIGH,OFAC
WATCH_3504,CUST_3504,Shelley Ford,1995-06-19,Singapore,France,SANCTIONS,HIGH,FATF
WATCH_2495,CUST_2495,Jessica Smith,2005-09-30,Australia,Singapore,FRAUD_ALERT,HIGH,FATF
WATCH_7784,CUST_7784,Keith Hill,1997-11-01,Brazil,USA,PEP,HIGH,FATF
WATCH_9709,CUST_9709,Breanna Lester,1976-09-16,India,Australia,SANCTIONS,HIGH,FATF
WATCH_3117,CUST_3117,Robert Gallagher,1976-09-15,France,Australia,SANCTIONS,HIGH,Internal Bank List
WATCH_1048,CUST_1048,Steven Owens,1963-10-02,Germany,Singapore,PEP,HIGH,OFAC
WATCH_7133,CUST_7133,Angelica Williams,1961-01-19,Brazil,Germany,FRAUD_ALERT,HIGH,Internal Bank List
WATCH_6193,CUST_6193,Brian Villegas,1963-10-18,UAE,India,BLACKLIST,HIGH,Internal Bank List
WATCH_8294,CUST_8294,Vanessa Jones,2002-07-08,Brazil,Australia,SANCTIONS,HIGH,Internal Bank List
WATCH_9291,CUST_9291,William Wilson,2003-02-28,USA,Canada,SANCTIONS,HIGH,FATF
WATCH_1506,CUST_1506,Nicholas Beltran,1998-11-24,Germany,Singapore,SANCTIONS,HIGH,Internal Bank List
WATCH_96,CUST_96,Dawn Wells,1973-10-08,Brazil,USA,FRAUD_ALERT,HIGH,OFAC
WATCH_3175,CUST_3175,Carol Walters,1957-06-24,Singapore,UK,FRAUD_ALERT,HIGH,FATF
WATCH_3514,CUST_3514,Mrs. Sarah Watkins,1973-11-10,UK,Singapore,BLACKLIST,HIGH,Internal Bank List
WATCH_6745,CUST_6745,Ashley Novak,2008-04-15,Germany,UAE,FRAUD_ALERT,HIGH,Internal Bank List
WATCH_5137,CUST_5137,Jennifer Hoffman,1960-06-27,Canada,France,BLACKLIST,HIGH,OFAC
WATCH_6071,CUST_6071,Christine Anderson,1962-07-19,Canada,Australia,BLACKLIST,HIGH,Internal Bank List
WATCH_7022,CUST_7022,Rita Lee,1998-09-26,Germany,UK,FRAUD_ALERT,HIGH,FATF
WATCH_6555,CUST_6555,James Scott,1977-06-07,USA,Canada,BLACKLIST,HIGH,OFAC
WATCH_9785,CUST_9785,Howard Willis DDS,1976-11-18,Brazil,France,PEP,HIGH,FATF
WATCH_2703,CUST_2703,Kevin Murphy,1962-06-08,India,Singapore,BLACKLIST,HIGH,Internal Bank List
WATCH_6673,CUST_6673,Catherine Mitchell,1951-03-02,Canada,France,FRAUD_ALERT,HIGH,OFAC
WATCH_3594,CUST_3594,Andrea Stone,1959-09-15,USA,Singapore,FRAUD_ALERT,HIGH,OFAC
WATCH_4276,CUST_4276,Justin Young,1988-09-07,USA,UAE,BLACKLIST,HIGH,OFAC
WATCH_9840,CUST_9840,Gwendolyn Larson,1998-03-31,Singapore,UAE,PEP,HIGH,FATF
WATCH_208,CUST_208,Emily Parrish,1978-03-08,Brazil,Germany,FRAUD_ALERT,HIGH,Internal Bank List
WATCH_2577,CUST_2577,Danny Knox,1973-10-29,France,Germany,FRAUD_ALERT,HIGH,FATF
WATCH_7781,CUST_7781,Matthew Collins,1960-02-27,Singapore,Canada,SANCTIONS,HIGH,Internal Bank List
WATCH_2753,CUST_2753,Katrina Mcclain,1950-01-17,UK,Australia,PEP,HIGH,OFAC
WATCH_9422,CUST_9422,Veronica Austin,1966-06-19,UK,Brazil,PEP,HIGH,Internal Bank List
WATCH_185,CUST_185,Sarah Butler,1999-09-05,UAE,USA,SANCTIONS,HIGH,OFAC
WATCH_6195,CUST_6195,Mitchell Sullivan,2006-09-22,UAE,Germany,FRAUD_ALERT,HIGH,FATF
WATCH_4664,CUST_4664,Bethany Rodriguez,2004-06-07,Germany,Germany,SANCTIONS,HIGH,OFAC
WATCH_9707,CUST_9707,Sally Wheeler,1958-06-29,Australia,Singapore,FRAUD_ALERT,HIGH,Internal Bank List
WATCH_2723,CUST_2723,Robert Weaver,1983-08-20,France,Brazil,FRAUD_ALERT,HIGH,FATF
WATCH_3526,CUST_3526,Deanna Ramos,1978-06-25,Brazil,Singapore,SANCTIONS,HIGH,Internal Bank List
WATCH_8064,CUST_8064,Kevin Bradley,2004-09-15,Singapore,Singapore,FRAUD_ALERT,HIGH,OFAC
WATCH_1390,CUST_1390,Steven Dougherty,1954-09-26,Canada,France,BLACKLIST,HIGH,OFAC
WATCH_9487,CUST_9487,Caitlyn Harris,2006-04-24,Australia,UAE,SANCTIONS,HIGH,FATF
WATCH_9102,CUST_9102,Robert Ramirez,1989-05-17,France,UAE,PEP,HIGH,FATF
WATCH_7951,CUST_7951,Nicholas Palmer,1956-08-17,USA,UK,PEP,HIGH,Internal Bank List
WATCH_7536,CUST_7536,David Wagner,1975-09-30,France,UK,PEP,HIGH,FATF
WATCH_7913,CUST_7913,Erica Weaver,1970-03-20,USA,UAE,BLACKLIST,HIGH,OFAC
WATCH_395,CUST_395,Erica Acevedo,1976-07-01,Germany,Australia,SANCTIONS,HIGH,FATF
WATCH_440,CUST_440,David Cook,1994-01-13,USA,Brazil,FRAUD_ALERT,HIGH,Internal Bank List
WATCH_122,CUST_122,Michael Burnett,1955-03-21,Brazil,Brazil,BLACKLIST,HIGH,Internal Bank List
WATCH_2248,CUST_2248,Nicholas Palmer,1950-02-09,Australia,Singapore,PEP,HIGH,Internal Bank List
WATCH_2305,CUST_2305,Andrea Foster,1973-08-24,UK,Australia,BLACKLIST,HIGH,OFAC
WATCH_6240,CUST_6240,Brad Campbell,1955-07-24,UK,UK,PEP,HIGH,FATF
WATCH_1706,CUST_1706,Robert Wright,1959-08-07,UAE,Singapore,PEP,HIGH,FATF
WATCH_4047,CUST_4047,Julie Martin,1986-07-13,Brazil,USA,PEP,HIGH,FATF
WATCH_6898,CUST_6898,Jon Gibbs,1977-09-02,UAE,UAE,SANCTIONS,HIGH,OFAC
WATCH_3567,CUST_3567,Rachael Lawson,1946-11-01,UAE,Australia,FRAUD_ALERT,HIGH,Internal Bank List
WATCH_5330,CUST_5330,Dennis Smith,1962-07-08,France,Germany,PEP,HIGH,OFAC
WATCH_3411,CUST_3411,Brian Hubbard,1999-05-12,Germany,UAE,FRAUD_ALERT,HIGH,Internal Bank List
WATCH_5924,CUST_5924,Carlos Dougherty,1988-02-02,India,Australia,FRAUD_ALERT,HIGH,Internal Bank List
WATCH_4477,CUST_4477,Katherine Grimes,2002-07-08,UK,Australia,BLACKLIST,HIGH,FATF
WATCH_8347,CUST_8347,Trevor Hebert,2003-09-11,Singapore,France,PEP,HIGH,FATF
WATCH_4413,CUST_4413,Kyle Johnson,2002-07-28,Singapore,USA,BLACKLIST,HIGH,OFAC
WATCH_3251,CUST_3251,Christy Burnett,2007-06-14,Brazil,Singapore,BLACKLIST,HIGH,FATF
WATCH_8062,CUST_8062,Thomas Bennett,1966-10-11,Germany,Australia,FRAUD_ALERT,HIGH,Internal Bank List
WATCH_210,CUST_210,Kenneth Anderson,1965-03-09,Singapore,UAE,SANCTIONS,HIGH,OFAC
WATCH_9036,CUST_9036,Frances Salazar,1948-05-06,India,Canada,FRAUD_ALERT,HIGH,OFAC
WATCH_6550,CUST_6550,Theresa Olson,1968-06-20,USA,Singapore,SANCTIONS,HIGH,FATF
WATCH_4201,CUST_4201,Allison Gonzalez,1988-05-30,Singapore,Brazil,BLACKLIST,HIGH,FATF
WATCH_3880,CUST_3880,Jody Fleming,1992-08-15,Germany,Canada,BLACKLIST,HIGH,Internal Bank List
WATCH_5722,CUST_5722,Kara Compton,1977-09-02,France,Germany,PEP,HIGH,Internal Bank List
WATCH_7690,CUST_7690,Melissa Brown,2000-08-15,Singapore,USA,FRAUD_ALERT,HIGH,Internal Bank List
WATCH_5927,CUST_5927,Kimberly Cooley,1997-06-06,USA,Canada,PEP,HIGH,FATF
WATCH_6739,CUST_6739,Ryan Brown,2007-11-18,Germany,France,BLACKLIST,HIGH,OFAC
WATCH_3704,CUST_3704,Jason Logan Jr.,2002-07-25,Germany,India,PEP,HIGH,OFAC
WATCH_4699,CUST_4699,Tony Watkins,1965-03-02,India,Canada,FRAUD_ALERT,HIGH,OFAC
WATCH_2103,CUST_2103,April Vaughn,1976-09-28,Germany,India,BLACKLIST,HIGH,FATF
WATCH_7455,CUST_7455,Holly Chandler,1996-03-23,UK,UAE,PEP,HIGH,FATF
WATCH_9401,CUST_9401,Andrew Davis,2008-04-15,Singapore,France,SANCTIONS,HIGH,Internal Bank List
WATCH_6631,CUST_6631,Keith Ross,1998-08-21,UAE,Brazil,FRAUD_ALERT,HIGH,FATF
WATCH_3063,CUST_3063,Alexandra Holmes,1963-09-23,India,India,SANCTIONS,HIGH,FATF
WATCH_3750,CUST_3750,Kim Hernandez,1989-08-29,UK,Germany,PEP,HIGH,FATF
WATCH_5299,CUST_5299,Michael Thompson,1952-06-15,Germany,USA,BLACKLIST,HIGH,Internal Bank List
WATCH_6385,CUST_6385,Larry Alvarado,1959-07-13,Canada,Canada,SANCTIONS,HIGH,Internal Bank List
WATCH_9060,CUST_9060,Caitlin Gonzalez,2006-11-17,India,Germany,BLACKLIST,HIGH,Internal Bank List
WATCH_4373,CUST_4373,Brad Smith,1986-10-03,Singapore,Canada,FRAUD_ALERT,HIGH,FATF
WATCH_3890,CUST_3890,Emily Lee,1978-10-18,France,UAE,PEP,HIGH,FATF
WATCH_2578,CUST_2578,Theodore Kerr,1993-12-25,UAE,France,FRAUD_ALERT,HIGH,Internal Bank List
WATCH_7667,CUST_7667,Shelby Vance,1982-05-01,France,Australia,FRAUD_ALERT,HIGH,OFAC
WATCH_4411,CUST_4411,Anne Guzman,1986-11-09,UAE,Brazil,FRAUD_ALERT,HIGH,FATF
WATCH_2375,CUST_2375,Daniel Mcbride,1955-10-11,India,Germany,SANCTIONS,HIGH,OFAC
WATCH_4624,CUST_4624,Christopher Thomas,1988-05-04,Canada,USA,PEP,HIGH,FATF
WATCH_2892,CUST_2892,John Sparks,1951-01-19,Australia,Australia,PEP,HIGH,Internal Bank List
WATCH_9646,CUST_9646,John Kim,1981-06-07,UK,India,FRAUD_ALERT,HIGH,Internal Bank List
WATCH_1861,CUST_1861,Joseph Hernandez,1958-01-20,India,UK,SANCTIONS,HIGH,FATF
WATCH_8878,CUST_8878,Jennifer Nolan,1990-12-19,Australia,India,BLACKLIST,HIGH,Internal Bank List
WATCH_9049,CUST_9049,Lauren Bentley,1952-09-15,UAE,UAE,SANCTIONS,HIGH,Internal Bank List
WATCH_6001,CUST_6001,Christian Todd,1953-11-19,USA,India,PEP,HIGH,FATF
WATCH_874,CUST_874,Courtney Allen,1998-05-04,Brazil,India,BLACKLIST,HIGH,Internal Bank List
WATCH_809,CUST_809,Cody Romero,1980-06-19,UAE,USA,SANCTIONS,HIGH,OFAC
WATCH_3536,CUST_3536,Timothy Castillo,1993-05-14,Brazil,Singapore,FRAUD_ALERT,HIGH,FATF
WATCH_7086,CUST_7086,Jennifer Bradshaw,1973-01-16,Germany,Germany,SANCTIONS,HIGH,OFAC
WATCH_7818,CUST_7818,Roger Delgado,1957-08-03,USA,India,BLACKLIST,HIGH,Internal Bank List
WATCH_382,CUST_382,Donald Shelton,1970-11-21,USA,UAE,FRAUD_ALERT,HIGH,FATF
WATCH_5228,CUST_5228,Jennifer Klein,1991-07-11,UAE,France,BLACKLIST,HIGH,OFAC
WATCH_7198,CUST_7198,Brian Wallace,1967-02-21,Brazil,UK,PEP,HIGH,OFAC
WATCH_8385,CUST_8385,Albert Mcdonald,1991-04-01,Singapore,Australia,SANCTIONS,HIGH,FATF
WATCH_2536,CUST_2536,Andre Hammond,1957-10-02,Australia,UAE,FRAUD_ALERT,HIGH,FATF
WATCH_1561,CUST_1561,Edwin Collins,2007-07-21,Singapore,USA,BLACKLIST,HIGH,Internal Bank List
WATCH_3500,CUST_3500,Casey Stephens,1996-08-07,France,Canada,FRAUD_ALERT,HIGH,Internal Bank List
WATCH_2409,CUST_2409,Johnny Carpenter,1993-08-06,India,UAE,SANCTIONS,HIGH,FATF
WATCH_9135,CUST_9135,Crystal Collins,1973-07-18,UK,UAE,FRAUD_ALERT,HIGH,FATF
WATCH_7435,CUST_7435,Frank Johnson,1957-05-25,Australia,UAE,FRAUD_ALERT,HIGH,FATF
WATCH_8016,CUST_8016,Michael Clements,1975-09-10,UAE,Germany,SANCTIONS,HIGH,FATF
WATCH_680,CUST_680,Victoria Brown,1989-02-11,Brazil,Brazil,BLACKLIST,HIGH,Internal Bank List
WATCH_4371,CUST_4371,Carolyn Mitchell,1996-09-18,USA,France,BLACKLIST,HIGH,Internal Bank List
WATCH_8861,CUST_8861,Andrew Green,1975-09-18,UAE,France,BLACKLIST,HIGH,Internal Bank List
WATCH_5072,CUST_5072,Stacy Anderson,1986-06-17,India,Singapore,PEP,HIGH,FATF
WATCH_7685,CUST_7685,Clayton Mcgrath,1977-04-05,UAE,UK,FRAUD_ALERT,HIGH,FATF
WATCH_5614,CUST_5614,Tonya Hawkins,2006-12-31,UAE,UK,SANCTIONS,HIGH,Internal Bank List
WATCH_755,CUST_755,Regina Gonzales,1998-01-27,UAE,Australia,PEP,HIGH,OFAC
WATCH_4093,CUST_4093,Judith Hinton,1958-04-24,India,Singapore,BLACKLIST,HIGH,Internal Bank List
WATCH_799,CUST_799,Amy George,1959-08-20,Australia,India,FRAUD_ALERT,HIGH,Internal Bank List
WATCH_8838,CUST_8838,Joshua Lambert,1968-10-29,USA,France,BLACKLIST,HIGH,OFAC
WATCH_5566,CUST_5566,Robert Wilson,1994-01-16,Germany,Singapore,BLACKLIST,HIGH,Internal Bank List
WATCH_8013,CUST_8013,William Flores,1992-01-22,Singapore,Australia,PEP,HIGH,FATF
WATCH_2091,CUST_2091,Gabriel Pineda,1997-08-16,UAE,Australia,PEP,HIGH,FATF
WATCH_9633,CUST_9633,Virginia Lopez,1992-04-11,USA,UK,BLACKLIST,HIGH,OFAC
WATCH_2656,CUST_2656,Glenn Snyder,1957-04-19,Canada,France,FRAUD_ALERT,HIGH,OFAC
WATCH_1098,CUST_1098,Molly Orozco,1979-04-03,India,USA,BLACKLIST,HIGH,Internal Bank List
WATCH_2262,CUST_2262,Samantha Taylor,2003-03-29,USA,Brazil,SANCTIONS,HIGH,OFAC
WATCH_7078,CUST_7078,Kevin Price,1994-01-24,Australia,UK,FRAUD_ALERT,HIGH,OFAC
WATCH_8060,CUST_8060,Stephen Hoffman,2007-03-23,USA,Singapore,FRAUD_ALERT,HIGH,Internal Bank List
WATCH_2959,CUST_2959,Julia Williams,1967-11-14,Canada,Germany,BLACKLIST,HIGH,OFAC
WATCH_4863,CUST_4863,Crystal Martin,2000-07-03,Canada,Singapore,FRAUD_ALERT,HIGH,Internal Bank List
WATCH_2589,CUST_2589,Juan Sanchez,1982-12-31,France,Germany,SANCTIONS,HIGH,Internal Bank List
WATCH_5890,CUST_5890,Edward Porter,2003-07-19,UK,Singapore,FRAUD_ALERT,HIGH,FATF
WATCH_4133,CUST_4133,Deanna Nichols,1956-01-28,India,UK,FRAUD_ALERT,HIGH,OFAC
WATCH_2123,CUST_2123,Timothy Clay,1989-06-25,UAE,Germany,BLACKLIST,HIGH,FATF
WATCH_632,CUST_632,Barbara Mccormick,2007-01-09,Singapore,USA,FRAUD_ALERT,HIGH,FATF
WATCH_3149,CUST_3149,Mary Walton,1957-03-29,Australia,USA,SANCTIONS,HIGH,FATF
WATCH_1769,CUST_1769,Christopher Walters,1973-04-27,Australia,France,FRAUD_ALERT,HIGH,OFAC
WATCH_3538,CUST_3538,Austin Phillips,1995-05-12,UAE,USA,BLACKLIST,HIGH,Internal Bank List
WATCH_2437,CUST_2437,Mr. Shane Campbell,1992-10-31,France,UK,FRAUD_ALERT,HIGH,OFAC
WATCH_4427,CUST_4427,Jared Fox,1951-11-15,Australia,USA,BLACKLIST,HIGH,Internal Bank List
WATCH_6480,CUST_6480,Samantha Ryan,1951-12-01,Germany,UAE,SANCTIONS,HIGH,Internal Bank List
WATCH_8341,CUST_8341,Larry Hernandez,2008-07-13,USA,USA,FRAUD_ALERT,HIGH,Internal Bank List
WATCH_1965,CUST_1965,Thomas Peterson,1975-04-01,India,UAE,PEP,HIGH,OFAC
WATCH_4693,CUST_4693,Lisa Hamilton,2007-04-17,Brazil,Singapore,FRAUD_ALERT,HIGH,OFAC
WATCH_2376,CUST_2376,Michael Hall,1974-12-08,Germany,UAE,PEP,HIGH,FATF
WATCH_4057,CUST_4057,Joshua Hernandez,1984-04-23,UAE,France,FRAUD_ALERT,HIGH,FATF
WATCH_5658,CUST_5658,Bethany Brooks,2007-10-26,USA,Australia,FRAUD_ALERT,HIGH,OFAC
WATCH_3568,CUST_3568,Laurie Hamilton,1990-11-02,France,UK,PEP,HIGH,Internal Bank List
WATCH_3771,CUST_3771,Ashley Combs,1976-05-17,India,USA,BLACKLIST,HIGH,Internal Bank List
WATCH_4341,CUST_4341,Laura Barton,2000-02-17,Australia,Australia,PEP,HIGH,Internal Bank List
WATCH_9773,CUST_9773,Jeffrey Lewis,1995-11-15,UAE,UAE,SANCTIONS,HIGH,Internal Bank List
WATCH_4408,CUST_4408,Cole Wright,1955-04-30,France,India,FRAUD_ALERT,HIGH,OFAC
WATCH_1825,CUST_1825,Brittany Walker,1979-09-05,UK,Singapore,SANCTIONS,HIGH,Internal Bank List
WATCH_1431,CUST_1431,Joanna Little,1967-12-13,France,Singapore,SANCTIONS,HIGH,OFAC
WATCH_6787,CUST_6787,Kenneth White,1996-01-08,USA,UK,SANCTIONS,HIGH,FATF
WATCH_1411,CUST_1411,Jordan Hale,1988-02-28,Canada,Brazil,PEP,HIGH,OFAC
WATCH_1050,CUST_1050,Cynthia Lutz,1997-08-03,Brazil,India,PEP,HIGH,OFAC
WATCH_9593,CUST_9593,Allison Delgado,1948-06-04,USA,Canada,FRAUD_ALERT,HIGH,Internal Bank List
WATCH_9266,CUST_9266,John Reynolds,1952-06-14,Germany,Germany,PEP,HIGH,Internal Bank List
WATCH_3796,CUST_3796,Brooke Beck,1976-02-08,Brazil,France,SANCTIONS,HIGH,FATF
WATCH_6295,CUST_6295,Morgan Garcia,2008-05-01,Canada,USA,FRAUD_ALERT,HIGH,OFAC
WATCH_5690,CUST_5690,Randall Abbott,1956-08-17,Germany,USA,PEP,HIGH,Internal Bank List
WATCH_7694,CUST_7694,Vincent Coleman,1960-09-20,France,India,BLACKLIST,HIGH,Internal Bank List
WATCH_2927,CUST_2927,Desiree Watson,2004-10-27,Brazil,India,BLACKLIST,HIGH,Internal Bank List
WATCH_4756,CUST_4756,Nicholas Greene,2006-12-18,Germany,UK,SANCTIONS,HIGH,FATF
WATCH_5543,CUST_5543,Laura Anderson,1964-09-29,Australia,Singapore,FRAUD_ALERT,HIGH,Internal Bank List
WATCH_846,CUST_846,Angela Edwards,1987-09-15,USA,Australia,BLACKLIST,HIGH,Internal Bank List
WATCH_1911,CUST_1911,Casey Kemp,2007-03-21,India,Germany,FRAUD_ALERT,HIGH,OFAC
WATCH_8544,CUST_8544,Jason Miller,1979-11-30,France,UK,PEP,HIGH,OFAC
WATCH_176,CUST_176,Joshua Cabrera,1980-10-02,India,France,PEP,HIGH,FATF
WATCH_6069,CUST_6069,Joanna Ryan,1969-07-08,USA,India,SANCTIONS,HIGH,OFAC
WATCH_5534,CUST_5534,Jeremy Romero,1954-12-24,USA,Brazil,PEP,HIGH,OFAC
WATCH_8218,CUST_8218,Bethany Montoya,2008-04-08,UAE,France,FRAUD_ALERT,HIGH,OFAC
WATCH_5695,CUST_5695,Natalie Long,1982-09-04,Singapore,Brazil,FRAUD_ALERT,HIGH,Internal Bank List
WATCH_6556,CUST_6556,Janet Glover,1988-08-17,Germany,India,PEP,HIGH,OFAC
WATCH_330,CUST_330,Thomas Erickson,1993-06-13,Brazil,Brazil,SANCTIONS,HIGH,FATF
WATCH_5881,CUST_5881,Greg Duran,1957-03-26,UK,USA,PEP,HIGH,OFAC
WATCH_5716,CUST_5716,Mr. Peter Maynard,1946-07-06,USA,Australia,PEP,HIGH,Internal Bank List
WATCH_7813,CUST_7813,Abigail Johnson,1995-11-01,Singapore,Brazil,FRAUD_ALERT,HIGH,FATF
WATCH_5063,CUST_5063,Darryl Collins,2002-06-27,France,UAE,PEP,HIGH,Internal Bank List
WATCH_2853,CUST_2853,Carlos Little,1963-03-06,Brazil,India,SANCTIONS,HIGH,Internal Bank List
WATCH_5736,CUST_5736,Lee Day,1992-03-18,Canada,India,FRAUD_ALERT,HIGH,FATF
WATCH_15,CUST_15,Erika Pineda,1947-05-22,India,France,PEP,HIGH,Internal Bank List
WATCH_8886,CUST_8886,Frank Jones,1973-04-02,UAE,UAE,PEP,HIGH,Internal Bank List
WATCH_462,CUST_462,Daniel Navarro,1957-06-10,France,Canada,PEP,HIGH,OFAC
WATCH_6836,CUST_6836,Michael Daniels,1970-06-22,France,Germany,FRAUD_ALERT,HIGH,Internal Bank List
WATCH_4996,CUST_4996,Paul Gibbs,2003-06-26,Germany,UK,SANCTIONS,HIGH,Internal Bank List
WATCH_972,CUST_972,Robert Soto,2005-02-20,Germany,Canada,PEP,HIGH,OFAC
WATCH_3694,CUST_3694,Monica Peterson,1995-09-30,USA,Germany,FRAUD_ALERT,HIGH,Internal Bank List
WATCH_8455,CUST_8455,Cynthia Garcia,2006-07-24,Canada,Germany,PEP,HIGH,FATF
WATCH_7119,CUST_7119,Jacob Taylor,1985-03-02,UAE,UK,FRAUD_ALERT,HIGH,FATF
WATCH_3045,CUST_3045,Jeffrey Mitchell,1953-06-10,Singapore,UAE,FRAUD_ALERT,HIGH,Internal Bank List
WATCH_8870,CUST_8870,Lisa Brown,1977-07-23,Brazil,Brazil,BLACKLIST,HIGH,FATF
WATCH_5334,CUST_5334,Adam Crawford,1976-03-27,Germany,Singapore,BLACKLIST,HIGH,Internal Bank List
WATCH_8457,CUST_8457,Allison Castillo,1984-06-14,Canada,India,SANCTIONS,HIGH,FATF
WATCH_3853,CUST_3853,Jennifer Stevenson,1996-02-16,Germany,UK,BLACKLIST,HIGH,Internal Bank List
WATCH_4099,CUST_4099,Katherine Erickson,1971-02-05,USA,Germany,FRAUD_ALERT,HIGH,FATF
WATCH_5335,CUST_5335,Connie Morris,1986-04-30,UK,UAE,FRAUD_ALERT,HIGH,FATF
WATCH_6168,CUST_6168,Joshua Boyle,1965-07-29,Australia,Australia,BLACKLIST,HIGH,Internal Bank List
WATCH_3262,CUST_3262,Mary Murphy,1981-10-11,Singapore,Australia,SANCTIONS,HIGH,Internal Bank List
WATCH_6733,CUST_6733,Dalton Johnson,2000-11-07,Canada,Singapore,PEP,HIGH,FATF
WATCH_3256,CUST_3256,Jessica Kidd,1970-05-15,UAE,UAE,BLACKLIST,HIGH,FATF
WATCH_1275,CUST_1275,James Harris,1964-05-27,Singapore,UK,BLACKLIST,HIGH,FATF
WATCH_7727,CUST_7727,Daniel Williams,1994-01-18,France,France,BLACKLIST,HIGH,FATF
WATCH_6999,CUST_6999,Susan Gross,1962-03-30,UAE,India,PEP,HIGH,OFAC
WATCH_4376,CUST_4376,Matthew Huber,1962-08-17,India,USA,PEP,HIGH,FATF
WATCH_284,CUST_284,William Smith,1984-09-07,Australia,India,PEP,HIGH,Internal Bank List
WATCH_5782,CUST_5782,Stacey Bullock,1979-01-13,Australia,USA,BLACKLIST,HIGH,FATF
WATCH_7705,CUST_7705,Rachael Alvarado,1966-05-20,UAE,UK,BLACKLIST,HIGH,OFAC
WATCH_5194,CUST_5194,Mercedes Mitchell,1985-11-27,USA,USA,SANCTIONS,HIGH,OFAC
WATCH_5786,CUST_5786,Belinda Wallace,1956-07-15,USA,USA,BLACKLIST,HIGH,FATF
WATCH_7631,CUST_7631,Shari Ferguson,1990-12-21,UAE,France,FRAUD_ALERT,HIGH,Internal Bank List
WATCH_3859,CUST_3859,Kathleen Pineda,1977-10-09,UAE,France,PEP,HIGH,Internal Bank List
WATCH_2767,CUST_2767,Andrew Ramos,1963-03-29,Canada,France,BLACKLIST,HIGH,Internal Bank List
WATCH_9030,CUST_9030,Scott Young,2003-10-26,Canada,Brazil,FRAUD_ALERT,HIGH,FATF
WATCH_5181,CUST_5181,Martin Macias,1990-04-15,France,Singapore,PEP,HIGH,Internal Bank List
WATCH_7032,CUST_7032,Jay Frazier,1997-11-19,Germany,Singapore,BLACKLIST,HIGH,FATF
WATCH_9603,CUST_9603,Lisa Smith,1999-12-20,Brazil,Canada,BLACKLIST,HIGH,Internal Bank List
WATCH_7261,CUST_7261,Sean Williams,1982-10-01,Brazil,Brazil,SANCTIONS,HIGH,FATF
WATCH_6174,CUST_6174,Kristin Gonzales,1947-08-12,Australia,India,FRAUD_ALERT,HIGH,OFAC
WATCH_1172,CUST_1172,Eric Williams,1955-10-17,UK,Singapore,FRAUD_ALERT,HIGH,Internal Bank List
WATCH_6485,CUST_6485,Todd Reed,1988-02-10,Brazil,Germany,BLACKLIST,HIGH,Internal Bank List
WATCH_7621,CUST_7621,Thomas Dunn,1957-08-14,Brazil,Australia,SANCTIONS,HIGH,OFAC
WATCH_3818,CUST_3818,Dr. Michelle Lindsey,1972-11-20,Australia,France,PEP,HIGH,OFAC
WATCH_1969,CUST_1969,Cindy Lutz,1982-04-18,UK,Australia,PEP,HIGH,FATF
WATCH_7713,CUST_7713,Amy Evans,1984-07-20,Germany,Singapore,BLACKLIST,HIGH,Internal Bank List
WATCH_8277,CUST_8277,Wesley Harris,1956-02-03,Australia,Brazil,SANCTIONS,HIGH,FATF
WATCH_3211,CUST_3211,Jeffrey Smith,1991-02-02,Australia,France,SANCTIONS,HIGH,Internal Bank List
WATCH_2540,CUST_2540,Mariah Mason,1992-04-11,France,Germany,BLACKLIST,HIGH,OFAC
WATCH_8168,CUST_8168,Jacob Bowen,1986-02-20,USA,Australia,BLACKLIST,HIGH,FATF
WATCH_4758,CUST_4758,Tami Webb,1999-08-31,France,UAE,FRAUD_ALERT,HIGH,OFAC
WATCH_549,CUST_549,Peter Owens,1992-02-02,UK,USA,BLACKLIST,HIGH,OFAC
WATCH_8280,CUST_8280,Victoria Mccullough,1988-01-22,India,USA,SANCTIONS,HIGH,OFAC
WATCH_329,CUST_329,Samantha Rodriguez,1996-10-15,France,Canada,SANCTIONS,HIGH,FATF
WATCH_1266,CUST_1266,Brett Guzman,1962-01-20,Brazil,France,BLACKLIST,HIGH,OFAC
WATCH_1399,CUST_1399,Joseph Jones,1970-08-13,Australia,India,BLACKLIST,HIGH,Internal Bank List
WATCH_5825,CUST_5825,Kristin Vazquez,1989-07-15,UK,India,PEP,HIGH,OFAC
WATCH_8340,CUST_8340,Samuel Gibbs,1993-07-10,UAE,France,FRAUD_ALERT,HIGH,FATF
WATCH_9855,CUST_9855,Melissa Patel,1978-01-13,Brazil,USA,SANCTIONS,HIGH,OFAC
WATCH_4572,CUST_4572,Christopher Henry,1952-08-14,Germany,France,FRAUD_ALERT,HIGH,FATF
WATCH_2574,CUST_2574,Beth Nixon,2008-03-09,UK,Australia,FRAUD_ALERT,HIGH,Internal Bank List
WATCH_9218,CUST_9218,Tony Chambers,1968-03-18,Brazil,Germany,PEP,HIGH,OFAC
WATCH_934,CUST_934,Dorothy Gibson,1988-09-14,India,Canada,BLACKLIST,HIGH,OFAC
WATCH_8929,CUST_8929,Amber Johnson,1967-09-03,USA,Canada,BLACKLIST,HIGH,Internal Bank List
WATCH_2126,CUST_2126,Pamela Petersen,1994-09-28,France,UAE,PEP,HIGH,OFAC
WATCH_5553,CUST_5553,Angela Salazar,2006-03-23,UK,UK,SANCTIONS,HIGH,Internal Bank List
WATCH_1063,CUST_1063,Nicole Smith,1972-10-16,France,India,BLACKLIST,HIGH,OFAC
WATCH_3521,CUST_3521,Roberto Lee,1947-11-29,France,India,FRAUD_ALERT,HIGH,Internal Bank List
WATCH_6267,CUST_6267,Chloe Russell,2007-10-11,Singapore,Germany,BLACKLIST,HIGH,FATF
WATCH_1070,CUST_1070,Christopher West,1951-08-27,USA,France,FRAUD_ALERT,HIGH,FATF
WATCH_9247,CUST_9247,Dr. Ashley Gross,1994-03-14,USA,Australia,FRAUD_ALERT,HIGH,Internal Bank List
WATCH_2920,CUST_2920,Jesse Garner,1958-05-25,UAE,France,FRAUD_ALERT,HIGH,FATF
WATCH_8144,CUST_8144,Tanner Mack,2006-12-29,Brazil,Brazil,FRAUD_ALERT,HIGH,OFAC
WATCH_492,CUST_492,Dustin Roy,1996-03-21,India,India,PEP,HIGH,FATF
WATCH_1460,CUST_1460,Alyssa Weaver,1948-12-25,Canada,India,FRAUD_ALERT,HIGH,FATF
WATCH_8208,CUST_8208,Tamara Smith,1960-08-13,Australia,UK,BLACKLIST,HIGH,FATF
WATCH_1546,CUST_1546,Rick Rose,1988-03-26,UAE,Australia,BLACKLIST,HIGH,FATF
WATCH_6850,CUST_6850,Rebecca Fleming,1964-06-16,Canada,Germany,FRAUD_ALERT,HIGH,FATF
WATCH_4749,CUST_4749,Mark Rowe,1984-01-02,Germany,France,PEP,HIGH,FATF
WATCH_8927,CUST_8927,Susan Reyes,1979-12-15,UK,Canada,SANCTIONS,HIGH,OFAC
WATCH_9672,CUST_9672,Marvin Roth,1953-06-08,USA,Germany,FRAUD_ALERT,HIGH,Internal Bank List
WATCH_5805,CUST_5805,Reginald Griffin,1960-06-03,France,Canada,SANCTIONS,HIGH,FATF
WATCH_5767,CUST_5767,Christina Bates,1959-07-26,France,Singapore,PEP,HIGH,FATF
WATCH_1687,CUST_1687,Laura Lawrence,1952-05-21,UK,UK,PEP,HIGH,FATF
WATCH_4546,CUST_4546,Scott Jackson,1990-06-06,Singapore,Canada,BLACKLIST,HIGH,OFAC
WATCH_1339,CUST_1339,Miss Janice Harmon,1997-06-05,Singapore,Brazil,SANCTIONS,HIGH,OFAC
WATCH_7428,CUST_7428,Jeffrey Moore,1969-12-31,India,Germany,PEP,HIGH,OFAC
WATCH_425,CUST_425,Nicolas Rodriguez,2005-10-28,Brazil,USA,FRAUD_ALERT,HIGH,OFAC
WATCH_1417,CUST_1417,Anthony Braun,1970-06-26,UK,Germany,BLACKLIST,HIGH,OFAC
WATCH_2131,CUST_2131,Lori Campbell,1958-08-08,Australia,Canada,BLACKLIST,HIGH,OFAC
WATCH_6016,CUST_6016,Jerry Rodriguez,2004-11-13,Germany,UK,PEP,HIGH,FATF
WATCH_3970,CUST_3970,Ashley Garza,1947-01-15,Singapore,France,PEP,HIGH,Internal Bank List
WATCH_8253,CUST_8253,Wendy Rubio,1977-12-07,USA,Brazil,PEP,HIGH,OFAC
WATCH_1812,CUST_1812,Shelia Lewis,1950-08-07,India,Germany,BLACKLIST,HIGH,OFAC
WATCH_8712,CUST_8712,Amanda Pittman,1976-07-26,Canada,India,BLACKLIST,HIGH,Internal Bank List
WATCH_7570,CUST_7570,Carlos Hernandez,1947-11-10,India,UAE,SANCTIONS,HIGH,FATF
WATCH_9286,CUST_9286,Elizabeth Ruiz,2007-06-03,France,UK,PEP,HIGH,Internal Bank List
WATCH_5200,CUST_5200,Mary Irwin,1980-11-20,India,France,BLACKLIST,HIGH,OFAC
WATCH_4278,CUST_4278,Traci Thomas,1956-05-13,UAE,India,SANCTIONS,HIGH,Internal Bank List
WATCH_3008,CUST_3008,Tara Hudson,1948-10-18,UAE,Brazil,PEP,HIGH,OFAC
WATCH_6977,CUST_6977,Nathan Smith,1994-07-11,USA,Singapore,SANCTIONS,HIGH,FATF
WATCH_3088,CUST_3088,Brandon Ayala,1969-04-25,France,Germany,SANCTIONS,HIGH,FATF
WATCH_9533,CUST_9533,Yolanda King,2003-05-30,India,Germany,PEP,HIGH,Internal Bank List
WATCH_5319,CUST_5319,Keith Tucker,1976-10-12,UK,Germany,FRAUD_ALERT,HIGH,Internal Bank List
WATCH_4249,CUST_4249,Rebecca Salazar,2003-06-04,Brazil,India,FRAUD_ALERT,HIGH,FATF
WATCH_4254,CUST_4254,Scott Miller,1998-01-30,India,Australia,PEP,HIGH,OFAC
WATCH_6683,CUST_6683,Randy Taylor DVM,1971-10-27,Australia,Australia,FRAUD_ALERT,HIGH,Internal Bank List
WATCH_4439,CUST_4439,Zachary Scott,1975-01-01,France,Canada,FRAUD_ALERT,HIGH,FATF
WATCH_9964,CUST_9964,Stephen Dickerson,1947-08-28,UAE,Singapore,PEP,HIGH,OFAC
WATCH_5521,CUST_5521,John Huerta,1976-05-16,India,Germany,BLACKLIST,HIGH,Internal Bank List
WATCH_1620,CUST_1620,Tina Butler,1994-08-16,Singapore,UK,SANCTIONS,HIGH,FATF
WATCH_1110,CUST_1110,Emily Mcfarland,2007-05-23,India,Australia,BLACKLIST,HIGH,Internal Bank List
WATCH_4081,CUST_4081,Sergio May,1950-07-22,Canada,India,PEP,HIGH,Internal Bank List
WATCH_6394,CUST_6394,Deborah Foster,1987-06-06,Singapore,Germany,SANCTIONS,HIGH,FATF
WATCH_5071,CUST_5071,Charles Mason,1965-08-13,Canada,USA,BLACKLIST,HIGH,Internal Bank List
WATCH_8232,CUST_8232,Nicholas Henderson,1979-03-21,Singapore,Singapore,SANCTIONS,HIGH,FATF
WATCH_9856,CUST_9856,Andrew Underwood,2001-11-23,Canada,USA,BLACKLIST,HIGH,OFAC
WATCH_970,CUST_970,Charlene Strickland,1965-01-16,India,Brazil,SANCTIONS,HIGH,FATF
WATCH_626,CUST_626,Erin Lewis,2004-09-23,USA,Brazil,BLACKLIST,HIGH,OFAC
WATCH_6587,CUST_6587,Laurie Munoz,1974-01-27,Canada,India,BLACKLIST,HIGH,Internal Bank List
WATCH_6257,CUST_6257,Jonathan Ramos,1975-10-17,Brazil,Brazil,PEP,HIGH,Internal Bank List
WATCH_612,CUST_612,Morgan Hernandez,1964-05-22,UAE,India,FRAUD_ALERT,HIGH,OFAC
WATCH_926,CUST_926,Sara Smith,1981-06-26,Germany,Singapore,BLACKLIST,HIGH,Internal Bank List
WATCH_7902,CUST_7902,Kevin Olson,2002-09-06,France,France,BLACKLIST,HIGH,Internal Bank List
WATCH_1465,CUST_1465,Nancy Patrick,1982-11-30,Australia,Singapore,FRAUD_ALERT,HIGH,FATF
WATCH_1248,CUST_1248,Theresa Sanchez,1953-01-01,UK,Singapore,SANCTIONS,HIGH,OFAC
WATCH_6964,CUST_6964,Brian Rollins,1996-03-02,UK,France,PEP,HIGH,Internal Bank List
WATCH_7802,CUST_7802,Aaron Madden,1949-07-23,Australia,UK,BLACKLIST,HIGH,FATF
WATCH_9399,CUST_9399,Daniel Powell,1994-04-15,UAE,USA,FRAUD_ALERT,HIGH,FATF
WATCH_9056,CUST_9056,Philip Ramirez,1971-04-29,UK,Brazil,BLACKLIST,HIGH,FATF
WATCH_6428,CUST_6428,Emily Perry,1983-02-07,UAE,Singapore,SANCTIONS,HIGH,OFAC
WATCH_1513,CUST_1513,Sherry Johnson,1994-11-19,UAE,Singapore,PEP,HIGH,OFAC
WATCH_3800,CUST_3800,Samuel Stephenson,1998-02-15,India,USA,PEP,HIGH,FATF
WATCH_3947,CUST_3947,William Copeland,1963-12-03,Brazil,Australia,FRAUD_ALERT,HIGH,OFAC
WATCH_8935,CUST_8935,Tyler Johnson,1976-01-24,UK,France,BLACKLIST,HIGH,OFAC
WATCH_296,CUST_296,Dylan Robinson,1958-04-28,Germany,UK,FRAUD_ALERT,HIGH,Internal Bank List
WATCH_9865,CUST_9865,Donna Hart,1984-01-18,Brazil,India,FRAUD_ALERT,HIGH,OFAC
WATCH_460,CUST_460,Erin Bass,1982-08-25,Singapore,USA,FRAUD_ALERT,HIGH,FATF
WATCH_2430,CUST_2430,Mr. Charles Elliott,1973-07-22,Singapore,Brazil,PEP,HIGH,Internal Bank List
WATCH_8502,CUST_8502,Jessica Tanner,2001-12-02,India,France,SANCTIONS,HIGH,OFAC
WATCH_7307,CUST_7307,Michelle Howard,1962-04-19,Australia,France,FRAUD_ALERT,HIGH,FATF
WATCH_1089,CUST_1089,Monica Reed,1985-02-16,UAE,UK,SANCTIONS,HIGH,FATF
WATCH_2373,CUST_2373,Samuel Alvarado,1972-05-04,UK,India,BLACKLIST,HIGH,Internal Bank List
WATCH_4482,CUST_4482,Katie Guerrero,1955-03-27,Singapore,UK,SANCTIONS,HIGH,Internal Bank List
WATCH_4013,CUST_4013,Paul Davis,1965-08-26,India,France,SANCTIONS,HIGH,OFAC
WATCH_79,CUST_79,Tracy Dawson,1956-03-14,Canada,Canada,PEP,HIGH,Internal Bank List
WATCH_195,CUST_195,Mr. Kevin Gonzalez,2000-07-25,India,Canada,SANCTIONS,HIGH,Internal Bank List
WATCH_1617,CUST_1617,Kathleen Caldwell,1948-05-14,USA,Australia,PEP,HIGH,Internal Bank List
WATCH_6166,CUST_6166,Tiffany Underwood,1986-10-14,India,UAE,BLACKLIST,HIGH,Internal Bank List
WATCH_1757,CUST_1757,Cory Parks,2008-02-06,France,Germany,SANCTIONS,HIGH,FATF
WATCH_5784,CUST_5784,Robert Smith,1974-05-30,Canada,France,SANCTIONS,HIGH,FATF
WATCH_4980,CUST_4980,Raymond Woods,1964-03-14,Australia,India,SANCTIONS,HIGH,Internal Bank List
WATCH_6357,CUST_6357,Danielle Avery,1947-05-08,Australia,Canada,BLACKLIST,HIGH,OFAC
WATCH_4775,CUST_4775,Mrs. Crystal George MD,1960-09-03,Canada,USA,FRAUD_ALERT,HIGH,Internal Bank List
WATCH_8278,CUST_8278,James Vazquez,2005-12-03,UK,UAE,SANCTIONS,HIGH,Internal Bank List
WATCH_4567,CUST_4567,Dustin Brewer,1994-06-06,Singapore,USA,BLACKLIST,HIGH,OFAC
WATCH_7208,CUST_7208,Deborah Melendez,2004-06-22,UK,Singapore,BLACKLIST,HIGH,Internal Bank List
WATCH_8350,CUST_8350,Gabriel Williams,1962-02-14,Germany,UK,PEP,HIGH,OFAC
WATCH_1576,CUST_1576,Lawrence Griffith,1969-01-13,France,USA,PEP,HIGH,FATF
WATCH_5714,CUST_5714,Jesus Fletcher,2000-01-07,Brazil,Singapore,PEP,HIGH,OFAC
WATCH_1093,CUST_1093,Rachael James,1974-08-22,Singapore,Australia,SANCTIONS,HIGH,Internal Bank List
WATCH_2351,CUST_2351,Martin Thomas,1993-05-26,Canada,Germany,PEP,HIGH,FATF
WATCH_2877,CUST_2877,Christopher Miller,1976-11-08,Singapore,France,BLACKLIST,HIGH,OFAC
WATCH_3350,CUST_3350,Jose Berry,1946-11-14,Australia,UAE,PEP,HIGH,Internal Bank List
WATCH_4966,CUST_4966,Melissa Jones,1963-07-21,Singapore,Australia,SANCTIONS,HIGH,FATF
WATCH_5947,CUST_5947,Charles Moran,1977-06-09,Germany,India,PEP,HIGH,FATF
WATCH_4634,CUST_4634,Lisa Crane,1998-01-01,Singapore,France,SANCTIONS,HIGH,Internal Bank List
WATCH_5347,CUST_5347,Brittany Poole,1976-04-06,UAE,Brazil,SANCTIONS,HIGH,FATF
WATCH_4012,CUST_4012,Anna Moore,1991-07-24,Australia,India,FRAUD_ALERT,HIGH,OFAC
WATCH_8796,CUST_8796,Donna Brown,1967-03-14,France,UAE,SANCTIONS,HIGH,Internal Bank List
WATCH_466,CUST_466,William Johnson,1945-12-10,France,Australia,FRAUD_ALERT,HIGH,Internal Bank List
WATCH_5756,CUST_5756,Carrie Nicholson,2000-08-18,Brazil,Australia,SANCTIONS,HIGH,Internal Bank List
WATCH_4147,CUST_4147,Mrs. Christine Jones,1992-04-09,UAE,Canada,SANCTIONS,HIGH,FATF
WATCH_9128,CUST_9128,Jeffery Jackson,1991-06-17,India,Australia,BLACKLIST,HIGH,OFAC
WATCH_2671,CUST_2671,Phyllis Coleman MD,1973-12-05,Australia,Canada,BLACKLIST,HIGH,FATF
WATCH_7876,CUST_7876,Hannah George,1973-04-19,Singapore,UK,FRAUD_ALERT,HIGH,FATF
WATCH_2641,CUST_2641,Kelsey Clark,1985-06-26,Germany,Germany,SANCTIONS,HIGH,Internal Bank List
WATCH_8082,CUST_8082,Sarah Mcdonald,1996-11-10,UK,Canada,PEP,HIGH,OFAC
WATCH_3774,CUST_3774,Mrs. Shelley Cline DVM,1989-05-24,USA,France,BLACKLIST,HIGH,Internal Bank List
WATCH_4562,CUST_4562,Cassidy Mendoza,1961-11-24,USA,France,FRAUD_ALERT,HIGH,Internal Bank List
WATCH_9893,CUST_9893,Robin Meyer,1977-08-16,Canada,Germany,BLACKLIST,HIGH,Internal Bank List
WATCH_7905,CUST_7905,Victoria Grant,1956-08-25,UAE,UK,FRAUD_ALERT,HIGH,OFAC
WATCH_3971,CUST_3971,Jenny Barnes,1959-02-20,USA,Germany,BLACKLIST,HIGH,OFAC
WATCH_6913,CUST_6913,James Graham,2001-05-17,Singapore,Canada,BLACKLIST,HIGH,Internal Bank List
WATCH_7954,CUST_7954,Jonathan Perkins,1947-01-15,Singapore,Brazil,FRAUD_ALERT,HIGH,FATF
WATCH_2236,CUST_2236,Daniel Wu,1950-06-13,UAE,USA,BLACKLIST,HIGH,OFAC
WATCH_4922,CUST_4922,Jenna Hunt,1992-05-28,UK,Brazil,BLACKLIST,HIGH,OFAC
WATCH_9406,CUST_9406,Edward Davis,1988-02-07,UAE,Australia,FRAUD_ALERT,HIGH,OFAC
WATCH_955,CUST_955,Mary Curtis,1969-05-10,Germany,Brazil,BLACKLIST,HIGH,OFAC
WATCH_1831,CUST_1831,Robert Hall,1978-04-22,UK,India,FRAUD_ALERT,HIGH,OFAC
WATCH_8085,CUST_8085,Bradley Collins,1993-08-09,Germany,Australia,SANCTIONS,HIGH,FATF
WATCH_168,CUST_168,Audrey Vincent,1957-01-27,Canada,Germany,FRAUD_ALERT,HIGH,OFAC
WATCH_2667,CUST_2667,Nathaniel Burns,1997-10-15,Brazil,Brazil,PEP,HIGH,OFAC
WATCH_8382,CUST_8382,Gina Miller,1951-01-22,USA,Germany,FRAUD_ALERT,HIGH,Internal Bank List
WATCH_8778,CUST_8778,Michelle Wright DDS,1990-10-15,UAE,UAE,FRAUD_ALERT,HIGH,Internal Bank List
WATCH_6628,CUST_6628,Rachel Juarez,1985-04-15,UK,Canada,BLACKLIST,HIGH,OFAC
WATCH_66,CUST_66,Hannah Baker,1953-04-07,USA,Australia,BLACKLIST,HIGH,FATF
WATCH_2956,CUST_2956,Michelle Henry,1950-03-28,Brazil,Singapore,FRAUD_ALERT,HIGH,OFAC
WATCH_5066,CUST_5066,Jasmine Stevens,1980-06-15,France,Canada,BLACKLIST,HIGH,OFAC
WATCH_3311,CUST_3311,Michael Dougherty,1988-09-06,UAE,Canada,FRAUD_ALERT,HIGH,FATF
WATCH_6534,CUST_6534,Emily Gonzalez,2008-05-20,Germany,UK,FRAUD_ALERT,HIGH,FATF
WATCH_7064,CUST_7064,Shannon Davis,2006-01-31,France,Australia,FRAUD_ALERT,HIGH,Internal Bank List
WATCH_8092,CUST_8092,Kelly Heath,1977-02-23,Singapore,France,BLACKLIST,HIGH,OFAC
WATCH_788,CUST_788,Lisa Page,1968-01-04,Australia,France,PEP,HIGH,FATF
WATCH_4663,CUST_4663,Allison Johnson,1965-03-05,Brazil,Brazil,BLACKLIST,HIGH,Internal Bank List
WATCH_8805,CUST_8805,Kathleen Hudson,1974-03-20,UK,Germany,BLACKLIST,HIGH,OFAC
WATCH_4565,CUST_4565,Tammie Hernandez,1979-05-08,Singapore,Australia,FRAUD_ALERT,HIGH,OFAC
WATCH_4706,CUST_4706,Steven Brandt,1970-10-06,UAE,UK,FRAUD_ALERT,HIGH,OFAC
WATCH_2498,CUST_2498,Jessica Howard,2008-05-08,USA,France,BLACKLIST,HIGH,FATF
WATCH_6797,CUST_6797,Joseph Burch,1992-04-10,Brazil,Germany,PEP,HIGH,Internal Bank List
WATCH_4347,CUST_4347,Richard Patel,1970-06-16,India,Canada,PEP,HIGH,FATF
WATCH_5358,CUST_5358,Wesley Weiss,1970-05-20,USA,UK,PEP,HIGH,Internal Bank List
WATCH_1409,CUST_1409,William Johnson,1964-06-01,Brazil,USA,BLACKLIST,HIGH,OFAC
WATCH_8234,CUST_8234,Edward Hull,1953-11-17,UK,Singapore,BLACKLIST,HIGH,FATF
WATCH_1025,CUST_1025,Katherine Conner,1966-01-02,USA,Australia,SANCTIONS,HIGH,Internal Bank List
WATCH_285,CUST_285,Anthony Garcia,2000-08-30,France,UK,BLACKLIST,HIGH,OFAC
WATCH_3908,CUST_3908,Stephanie Herrera,2003-04-10,Australia,UK,PEP,HIGH,FATF
WATCH_8872,CUST_8872,Angela Melton,1978-04-20,Germany,UK,FRAUD_ALERT,HIGH,Internal Bank List
WATCH_6880,CUST_6880,Lisa Perez,1986-08-10,UK,India,SANCTIONS,HIGH,Internal Bank List
WATCH_9067,CUST_9067,Christina Simpson,1959-08-08,Canada,Canada,SANCTIONS,HIGH,FATF
WATCH_2014,CUST_2014,Nathan Zimmerman,1972-09-19,Australia,UK,PEP,HIGH,FATF
WATCH_4899,CUST_4899,Jesse Gonzalez,1984-03-24,UAE,India,PEP,HIGH,FATF
WATCH_2233,CUST_2233,Kimberly Cross,2004-08-24,Australia,UAE,BLACKLIST,HIGH,Internal Bank List
WATCH_3452,CUST_3452,Kevin Guzman,1950-10-30,Canada,India,BLACKLIST,HIGH,FATF
WATCH_3931,CUST_3931,Erik Villarreal,1969-03-20,UK,Australia,SANCTIONS,HIGH,Internal Bank List
WATCH_9129,CUST_9129,Michael Lee,2000-04-09,UK,Canada,BLACKLIST,HIGH,OFAC
WATCH_4607,CUST_4607,Kristi Castro,1965-09-23,USA,UAE,BLACKLIST,HIGH,FATF
WATCH_80,CUST_80,David White,1996-09-07,India,Singapore,FRAUD_ALERT,HIGH,OFAC
WATCH_5514,CUST_5514,Joseph Powell,1947-10-08,Singapore,Brazil,BLACKLIST,HIGH,FATF
WATCH_4508,CUST_4508,Michael Alexander,1957-08-22,India,Canada,BLACKLIST,HIGH,OFAC
WATCH_7493,CUST_7493,Terry Baker,1961-12-10,UK,UK,SANCTIONS,HIGH,FATF
WATCH_1433,CUST_1433,Christopher Hubbard,2007-05-15,Singapore,Canada,PEP,HIGH,OFAC
WATCH_6012,CUST_6012,Teresa Rowland,1948-06-25,Brazil,Australia,FRAUD_ALERT,HIGH,FATF
WATCH_5056,CUST_5056,Ashley Morris,1984-05-27,USA,USA,FRAUD_ALERT,HIGH,FATF
WATCH_9904,CUST_9904,Randy Flores,1983-11-28,Singapore,Singapore,SANCTIONS,HIGH,FATF
WATCH_9373,CUST_9373,Sharon Martinez,1988-04-04,USA,Singapore,FRAUD_ALERT,HIGH,FATF
WATCH_1249,CUST_1249,Amanda Dunn,1990-01-19,Singapore,Australia,BLACKLIST,HIGH,FATF
WATCH_9331,CUST_9331,Alan Adams,1981-04-09,UAE,Brazil,BLACKLIST,HIGH,FATF
WATCH_181,CUST_181,Charles Hendrix,2003-04-18,Australia,UK,SANCTIONS,HIGH,OFAC
WATCH_5799,CUST_5799,Steven Benton,1959-05-01,Singapore,Germany,SANCTIONS,HIGH,Internal Bank List
WATCH_4460,CUST_4460,Jacob Cruz,1969-04-11,India,India,PEP,HIGH,OFAC
WATCH_4597,CUST_4597,Toni Osborne,1957-01-01,Singapore,Canada,BLACKLIST,HIGH,Internal Bank List
WATCH_5555,CUST_5555,Ashley Webb,2003-05-15,Singapore,Singapore,FRAUD_ALERT,HIGH,Internal Bank List
WATCH_1850,CUST_1850,Benjamin Mcgee,1996-08-02,India,India,PEP,HIGH,OFAC
WATCH_4424,CUST_4424,Patrick Diaz,2001-09-30,Singapore,Germany,FRAUD_ALERT,HIGH,OFAC
WATCH_9411,CUST_9411,Andre Williams,1977-05-23,UK,Australia,SANCTIONS,HIGH,OFAC
WATCH_3449,CUST_3449,Jeff Jennings,1988-07-06,France,Australia,FRAUD_ALERT,HIGH,Internal Bank List
WATCH_5917,CUST_5917,Keith Harmon,2006-10-06,UAE,India,SANCTIONS,HIGH,FATF
WATCH_9528,CUST_9528,Sandra Clements,1947-07-14,Brazil,Australia,SANCTIONS,HIGH,OFAC
WATCH_7202,CUST_7202,Ashley Sanders,1993-06-30,Singapore,India,PEP,HIGH,OFAC
WATCH_670,CUST_670,Mary Hill,1992-10-22,USA,Australia,PEP,HIGH,Internal Bank List
WATCH_3105,CUST_3105,Courtney Roberts,1958-11-11,USA,UK,SANCTIONS,HIGH,FATF
WATCH_5806,CUST_5806,Tracy Gonzales,2006-07-14,Australia,Singapore,BLACKLIST,HIGH,Internal Bank List
WATCH_5679,CUST_5679,Alan Willis,1962-06-06,India,Australia,FRAUD_ALERT,HIGH,FATF
WATCH_8081,CUST_8081,Megan Manning,1992-01-28,UK,Canada,BLACKLIST,HIGH,FATF
WATCH_5459,CUST_5459,Nicholas Taylor,1978-06-02,Canada,Brazil,SANCTIONS,HIGH,OFAC
WATCH_5123,CUST_5123,Heather Juarez,1990-01-24,India,France,SANCTIONS,HIGH,FATF
WATCH_9898,CUST_9898,Gregory Scott,1946-05-26,Brazil,UAE,BLACKLIST,HIGH,Internal Bank List
